gene_id,importance_score,z_score,is_perturbed
A2M,0.0,-0.17964239331779489,False
A2ML1,0.0,-0.17964239331779489,False
ABAT,0.0,-0.17964239331779489,False
ABCD3,0.0,-0.17964239331779489,False
ABLIM1,0.0,-0.17964239331779489,False
ACACA,0.0,-0.17964239331779489,False
ACACB,0.0,-0.17964239331779489,False
ACADSB,0.0,-0.17964239331779489,False
ACADVL,0.0,-0.17964239331779489,False
ACLY,0.0,-0.17964239331779489,False
ACSF2,0.0,-0.17964239331779489,False
ACSL1,0.0,-0.17964239331779489,False
ACSL3,0.0,-0.17964239331779489,False
ACTA1,0.0,-0.17964239331779489,False
ACTA2,0.0,-0.17964239331779489,False
ACTB,0.0,-0.17964239331779489,False
ACTG1,0.0,-0.17964239331779489,False
ACTG2,0.0,-0.17964239331779489,False
ACTN1,0.0,-0.17964239331779489,False
ACTN2,0.0,-0.17964239331779489,False
ACTN3,0.0,-0.17964239331779489,False
ACTN4,0.0,-0.17964239331779489,False
ACTR2,0.0,-0.17964239331779489,False
ACTR3,0.0,-0.17964239331779489,False
ADAM12,0.0,-0.17964239331779489,False
ADAM15,0.0,-0.17964239331779489,False
ADAM9,0.0,-0.17964239331779489,False
ADAMTS1,0.0,-0.17964239331779489,False
ADAMTS2,0.0,-0.17964239331779489,False
ADAR,0.0,-0.17964239331779489,False
ADCY1,0.0,-0.17964239331779489,False
ADD1,0.0,-0.17964239331779489,False
ADD3,0.0,-0.17964239331779489,False
ADGRB2,0.009999999999999998,2.7521214656286177,True
ADGRG1,0.0,-0.17964239331779489,False
ADH1B,0.0,-0.17964239331779489,False
ADIPOQ,0.0,-0.17964239331779489,False
ADIPOR1,0.0,-0.17964239331779489,False
ADIPOR2,0.0,-0.17964239331779489,False
ADNP,0.029999999999999995,8.615649183521443,True
AFDN,0.0,-0.17964239331779489,False
AFF3,0.0,-0.17964239331779489,False
AFF4,0.0,-0.17964239331779489,False
AGL,0.0,-0.17964239331779489,False
AGR2,0.0,-0.17964239331779489,False
AGR3,0.0,-0.17964239331779489,False
AGRN,0.0,-0.17964239331779489,False
AGTR1,0.0,-0.17964239331779489,False
AHCY,0.0,-0.17964239331779489,False
AHCYL1,0.0,-0.17964239331779489,False
AHNAK,0.0,-0.17964239331779489,False
AKAP12,0.0,-0.17964239331779489,False
AKAP9,0.0,-0.17964239331779489,False
AKT1,0.009999999999999998,2.7521214656286177,True
ALB,0.0,-0.17964239331779489,False
ALCAM,0.0,-0.17964239331779489,False
ALDH2,0.0,-0.17964239331779489,False
ALDH3A2,0.0,-0.17964239331779489,False
ALDH3B2,0.0,-0.17964239331779489,False
ALDH9A1,0.0,-0.17964239331779489,False
ALOX15B,0.0,-0.17964239331779489,False
AMFR,0.0,-0.17964239331779489,False
ANKRD17,0.019999999999999997,5.68388532457503,True
ANO1,0.0,-0.17964239331779489,False
ANO6,0.0,-0.17964239331779489,False
ANP32B,0.0,-0.17964239331779489,False
ANPEP,0.0,-0.17964239331779489,False
ANTXR1,0.0,-0.17964239331779489,False
ANXA1,0.0,-0.17964239331779489,False
ANXA2,0.0,-0.17964239331779489,False
ANXA5,0.0,-0.17964239331779489,False
ANXA6,0.0,-0.17964239331779489,False
AOC3,0.0,-0.17964239331779489,False
AP1B1,0.0,-0.17964239331779489,False
AP1G1,0.0,-0.17964239331779489,False
AP2B1,0.0,-0.17964239331779489,False
AP2M1,0.0,-0.17964239331779489,False
APBB2,0.0,-0.17964239331779489,False
APH1A,0.0,-0.17964239331779489,False
APLP2,0.0,-0.17964239331779489,False
APMAP,0.0,-0.17964239331779489,False
APOD,0.0,-0.17964239331779489,False
APOE,0.0,-0.17964239331779489,False
APP,0.0,-0.17964239331779489,False
AQP1,0.0,-0.17964239331779489,False
AQP3,0.0,-0.17964239331779489,False
AR,0.0,-0.17964239331779489,False
ARCN1,0.0,-0.17964239331779489,False
AREG,0.0,-0.17964239331779489,False
ARF1,0.0,-0.17964239331779489,False
ARF3,0.0,-0.17964239331779489,False
ARF4,0.0,-0.17964239331779489,False
ARF6,0.0,-0.17964239331779489,False
ARFGEF1,0.0,-0.17964239331779489,False
ARFGEF2,0.0,-0.17964239331779489,False
ARFGEF3,0.0,-0.17964239331779489,False
ARHGAP1,0.0,-0.17964239331779489,False
ARHGAP29,0.0,-0.17964239331779489,False
ARHGAP32,0.0,-0.17964239331779489,False
ARHGAP35,0.0,-0.17964239331779489,False
ARHGDIB,0.0,-0.17964239331779489,False
ARHGEF12,0.0,-0.17964239331779489,False
ARHGEF6,0.0,-0.17964239331779489,False
ARID1A,0.0,-0.17964239331779489,False
ARL1,0.0,-0.17964239331779489,False
ARL6IP1,0.0,-0.17964239331779489,False
ARL6IP5,0.0,-0.17964239331779489,False
ARNT2,0.0,-0.17964239331779489,False
ARPC2,0.0,-0.17964239331779489,False
ARPC3,0.0,-0.17964239331779489,False
ARPC5,0.0,-0.17964239331779489,False
ARPP19,0.0,-0.17964239331779489,False
ARRDC3,0.0,-0.17964239331779489,False
ASAH1,0.0,-0.17964239331779489,False
ASH1L,0.0,-0.17964239331779489,False
ASH2L,0.0,-0.17964239331779489,False
ASPH,0.0,-0.17964239331779489,False
ASPN,0.0,-0.17964239331779489,False
ASS1,0.0,-0.17964239331779489,False
ATAD2,0.009999999999999998,2.7521214656286177,True
ATF3,0.0,-0.17964239331779489,False
ATF4,0.009999999999999998,2.7521214656286177,True
ATM,0.029999999999999995,8.615649183521443,True
ATN1,0.0,-0.17964239331779489,False
ATP1A1,0.0,-0.17964239331779489,False
ATP1A2,0.0,-0.17964239331779489,False
ATP1B1,0.0,-0.17964239331779489,False
ATP2A1,0.0,-0.17964239331779489,False
ATP2A2,0.0,-0.17964239331779489,False
ATP2A3,0.0,-0.17964239331779489,False
ATP2B4,0.0,-0.17964239331779489,False
ATP2C1,0.0,-0.17964239331779489,False
ATP6AP1,0.0,-0.17964239331779489,False
ATP6AP2,0.0,-0.17964239331779489,False
ATP6V0E1,0.0,-0.17964239331779489,False
AUTS2,0.0,-0.17964239331779489,False
AZGP1,0.0,-0.17964239331779489,False
AZIN1,0.0,-0.17964239331779489,False
B2M,0.0,-0.17964239331779489,False
B4GALT1,0.0,-0.17964239331779489,False
BAG1,0.0,-0.17964239331779489,False
BAG3,0.0,-0.17964239331779489,False
BAG6,0.0,-0.17964239331779489,False
BAMBI,0.0,-0.17964239331779489,False
BAZ1B,0.0,-0.17964239331779489,False
BAZ2A,0.0,-0.17964239331779489,False
BCAM,0.0,-0.17964239331779489,False
BCAP31,0.0,-0.17964239331779489,False
BCHE,0.0,-0.17964239331779489,False
BCL2,0.0,-0.17964239331779489,False
BGN,0.0,-0.17964239331779489,False
BIN1,0.0,-0.17964239331779489,False
BMPR1B,0.0,-0.17964239331779489,False
BMPR2,0.0,-0.17964239331779489,False
BNIP3L,0.0,-0.17964239331779489,False
BPIFB1,0.0,-0.17964239331779489,False
BPIFB2,0.0,-0.17964239331779489,False
BPTF,0.009999999999999998,2.7521214656286177,True
BRCA1,0.0,-0.17964239331779489,False
BRCA2,0.0,-0.17964239331779489,False
BRD2,0.0,-0.17964239331779489,False
BRK1,0.0,-0.17964239331779489,False
BRWD1,0.009999999999999998,2.7521214656286177,True
BSG,0.0,-0.17964239331779489,False
BST2,0.0,-0.17964239331779489,False
BTF3,0.0,-0.17964239331779489,False
BTG1,0.0,-0.17964239331779489,False
BTG2,0.0,-0.17964239331779489,False
C11orf58,0.0,-0.17964239331779489,False
C1QA,0.0,-0.17964239331779489,False
C1QB,0.0,-0.17964239331779489,False
C1QC,0.0,-0.17964239331779489,False
C1R,0.0,-0.17964239331779489,False
C1S,0.0,-0.17964239331779489,False
C1orf198,0.0,-0.17964239331779489,False
C3,0.0,-0.17964239331779489,False
C4A,0.0,-0.17964239331779489,False
C4B,0.0,-0.17964239331779489,False
C6orf62,0.0,-0.17964239331779489,False
CA2,0.0,-0.17964239331779489,False
CACNA1H,0.0,-0.17964239331779489,False
CACNA1S,0.0,-0.17964239331779489,False
CACNG4,0.0,-0.17964239331779489,False
CALCOCO2,0.0,-0.17964239331779489,False
CALD1,0.0,-0.17964239331779489,False
CALM1,0.0,-0.17964239331779489,False
CALM2,0.0,-0.17964239331779489,False
CALM3,0.0,-0.17964239331779489,False
CALML5,0.0,-0.17964239331779489,False
CALR,0.0,-0.17964239331779489,False
CALU,0.0,-0.17964239331779489,False
CAND1,0.0,-0.17964239331779489,False
CANT1,0.0,-0.17964239331779489,False
CANX,0.0,-0.17964239331779489,False
CAP1,0.0,-0.17964239331779489,False
CAPG,0.0,-0.17964239331779489,False
CAPN1,0.0,-0.17964239331779489,False
CAPN2,0.0,-0.17964239331779489,False
CAPN6,0.0,-0.17964239331779489,False
CAPNS1,0.0,-0.17964239331779489,False
CAPRIN1,0.0,-0.17964239331779489,False
CAPZA1,0.0,-0.17964239331779489,False
CAPZB,0.0,-0.17964239331779489,False
CARTPT,0.0,-0.17964239331779489,False
CASC3,0.0,-0.17964239331779489,False
CASQ1,0.0,-0.17964239331779489,False
CAST,0.0,-0.17964239331779489,False
CAT,0.0,-0.17964239331779489,False
CAV1,0.0,-0.17964239331779489,False
CAV2,0.0,-0.17964239331779489,False
CBX1,0.0,-0.17964239331779489,False
CBX3,0.0,-0.17964239331779489,False
CBX5,0.0,-0.17964239331779489,False
CCDC117,0.0,-0.17964239331779489,False
CCDC47,0.0,-0.17964239331779489,False
CCDC6,0.0,-0.17964239331779489,False
CCDC80,0.0,-0.17964239331779489,False
CCL28,0.0,-0.17964239331779489,False
CCND1,0.0,-0.17964239331779489,False
CCNG2,0.0,-0.17964239331779489,False
CCT2,0.0,-0.17964239331779489,False
CCT3,0.0,-0.17964239331779489,False
CCT5,0.0,-0.17964239331779489,False
CCT6A,0.0,-0.17964239331779489,False
CCT7,0.0,-0.17964239331779489,False
CCT8,0.0,-0.17964239331779489,False
CD151,0.0,-0.17964239331779489,False
CD163,0.0,-0.17964239331779489,False
CD164,0.0,-0.17964239331779489,False
CD24,0.0,-0.17964239331779489,False
CD34,0.0,-0.17964239331779489,False
CD36,0.0,-0.17964239331779489,False
CD44,0.0,-0.17964239331779489,False
CD46,0.0,-0.17964239331779489,False
CD47,0.0,-0.17964239331779489,False
CD59,0.0,-0.17964239331779489,False
CD63,0.0,-0.17964239331779489,False
CD74,0.0,-0.17964239331779489,False
CD81,0.0,-0.17964239331779489,False
CD9,0.0,-0.17964239331779489,False
CD99,0.0,-0.17964239331779489,False
CDC42,0.009999999999999998,2.7521214656286177,True
CDC42EP4,0.0,-0.17964239331779489,False
CDC42SE1,0.0,-0.17964239331779489,False
CDH1,0.009999999999999998,2.7521214656286177,True
CDH11,0.0,-0.17964239331779489,False
CDH2,0.0,-0.17964239331779489,False
CDH3,0.0,-0.17964239331779489,False
CDK2AP1,0.0,-0.17964239331779489,False
CDKN1A,0.0,-0.17964239331779489,False
CDS2,0.0,-0.17964239331779489,False
CEACAM5,0.0,-0.17964239331779489,False
CEACAM6,0.0,-0.17964239331779489,False
CELSR1,0.0,-0.17964239331779489,False
CELSR2,0.0,-0.17964239331779489,False
CENPF,0.0,-0.17964239331779489,False
CERS2,0.0,-0.17964239331779489,False
CERS4,0.0,-0.17964239331779489,False
CERS6,0.0,-0.17964239331779489,False
CFD,0.0,-0.17964239331779489,False
CFL1,0.0,-0.17964239331779489,False
CFL2,0.0,-0.17964239331779489,False
CGA,0.0,-0.17964239331779489,False
CGN,0.0,-0.17964239331779489,False
CHCHD2,0.0,-0.17964239331779489,False
CHD1,0.0,-0.17964239331779489,False
CHD3,0.0,-0.17964239331779489,False
CHEK2,0.0,-0.17964239331779489,False
CHGA,0.0,-0.17964239331779489,False
CHGB,0.0,-0.17964239331779489,False
CHI3L1,0.0,-0.17964239331779489,False
CHMP2A,0.0,-0.17964239331779489,False
CHMP4B,0.0,-0.17964239331779489,False
CHPT1,0.0,-0.17964239331779489,False
CIDEC,0.0,-0.17964239331779489,False
CILP,0.0,-0.17964239331779489,False
CIRBP,0.0,-0.17964239331779489,False
CKAP5,0.0,-0.17964239331779489,False
CKM,0.0,-0.17964239331779489,False
CLCA2,0.0,-0.17964239331779489,False
CLDN4,0.0,-0.17964239331779489,False
CLIC1,0.0,-0.17964239331779489,False
CLIC4,0.0,-0.17964239331779489,False
CLIC6,0.0,-0.17964239331779489,False
CLSTN1,0.0,-0.17964239331779489,False
CLTC,0.0,-0.17964239331779489,False
CLU,0.0,-0.17964239331779489,False
CMPK1,0.0,-0.17964239331779489,False
CMYA5,0.0,-0.17964239331779489,False
CNBP,0.0,-0.17964239331779489,False
CNDP2,0.0,-0.17964239331779489,False
CNOT1,0.0,-0.17964239331779489,False
COL10A1,0.0,-0.17964239331779489,False
COL11A1,0.0,-0.17964239331779489,False
COL12A1,0.0,-0.17964239331779489,False
COL14A1,0.0,-0.17964239331779489,False
COL15A1,0.0,-0.17964239331779489,False
COL16A1,0.0,-0.17964239331779489,False
COL17A1,0.0,-0.17964239331779489,False
COL18A1,0.0,-0.17964239331779489,False
COL1A1,0.0,-0.17964239331779489,False
COL1A2,0.0,-0.17964239331779489,False
COL2A1,0.0,-0.17964239331779489,False
COL3A1,0.0,-0.17964239331779489,False
COL4A1,0.0,-0.17964239331779489,False
COL4A2,0.0,-0.17964239331779489,False
COL5A1,0.0,-0.17964239331779489,False
COL5A2,0.0,-0.17964239331779489,False
COL6A1,0.0,-0.17964239331779489,False
COL6A2,0.0,-0.17964239331779489,False
COL6A3,0.0,-0.17964239331779489,False
COL8A1,0.0,-0.17964239331779489,False
COLGALT1,0.0,-0.17964239331779489,False
COMP,0.0,-0.17964239331779489,False
COPA,0.0,-0.17964239331779489,False
COPB1,0.0,-0.17964239331779489,False
COPB2,0.0,-0.17964239331779489,False
COPG1,0.0,-0.17964239331779489,False
COPZ1,0.0,-0.17964239331779489,False
CORO1B,0.0,-0.17964239331779489,False
COX4I1,0.0,-0.17964239331779489,False
COX6B1,0.0,-0.17964239331779489,False
COX6C,0.0,-0.17964239331779489,False
COX7C,0.0,-0.17964239331779489,False
CP,0.0,-0.17964239331779489,False
CPB1,0.0,-0.17964239331779489,False
CPD,0.0,-0.17964239331779489,False
CPE,0.0,-0.17964239331779489,False
CPT1A,0.0,-0.17964239331779489,False
CRAT,0.0,-0.17964239331779489,False
CREB3L2,0.0,-0.17964239331779489,False
CREB3L4,0.0,-0.17964239331779489,False
CREG1,0.0,-0.17964239331779489,False
CRIM1,0.0,-0.17964239331779489,False
CRISP3,0.0,-0.17964239331779489,False
CRTAP,0.0,-0.17964239331779489,False
CRYAB,0.0,-0.17964239331779489,False
CS,0.0,-0.17964239331779489,False
CSDE1,0.0,-0.17964239331779489,False
CSE1L,0.0,-0.17964239331779489,False
CSN3,0.0,-0.17964239331779489,False
CSPG4,0.0,-0.17964239331779489,False
CSRP3,0.0,-0.17964239331779489,False
CST3,0.0,-0.17964239331779489,False
CSTB,0.0,-0.17964239331779489,False
CTDSP2,0.0,-0.17964239331779489,False
CTHRC1,0.0,-0.17964239331779489,False
CTNNA1,0.0,-0.17964239331779489,False
CTNNB1,0.0,-0.17964239331779489,False
CTNNBL1,0.0,-0.17964239331779489,False
CTSB,0.0,-0.17964239331779489,False
CTSC,0.0,-0.17964239331779489,False
CTSD,0.0,-0.17964239331779489,False
CTSF,0.0,-0.17964239331779489,False
CTSK,0.0,-0.17964239331779489,False
CTSL,0.0,-0.17964239331779489,False
CTSS,0.0,-0.17964239331779489,False
CTSZ,0.0,-0.17964239331779489,False
CTTN,0.0,-0.17964239331779489,False
CX3CL1,0.0,-0.17964239331779489,False
CXCL10,0.0,-0.17964239331779489,False
CXCL12,0.0,-0.17964239331779489,False
CXCL13,0.0,-0.17964239331779489,False
CXCL14,0.0,-0.17964239331779489,False
CXCL17,0.0,-0.17964239331779489,False
CXCL9,0.0,-0.17964239331779489,False
CXCR4,0.0,-0.17964239331779489,False
CXXC5,0.0,-0.17964239331779489,False
CYB561,0.0,-0.17964239331779489,False
CYB5A,0.0,-0.17964239331779489,False
CYB5R1,0.0,-0.17964239331779489,False
CYB5R3,0.0,-0.17964239331779489,False
CYBRD1,0.0,-0.17964239331779489,False
CYC1,0.0,-0.17964239331779489,False
CYFIP1,0.0,-0.17964239331779489,False
CYP1B1,0.0,-0.17964239331779489,False
CYP2A6,0.0,-0.17964239331779489,False
CYP2A7,0.0,-0.17964239331779489,False
CYP4F8,0.0,-0.17964239331779489,False
CYP4X1,0.0,-0.17964239331779489,False
CYP4Z1,0.0,-0.17964239331779489,False
DAG1,0.0,-0.17964239331779489,False
DAP3,0.0,-0.17964239331779489,False
DBI,0.0,-0.17964239331779489,False
DCAF10,0.0,-0.17964239331779489,False
DCAF6,0.019999999999999997,5.68388532457503,True
DCAF7,0.0,-0.17964239331779489,False
DCN,0.0,-0.17964239331779489,False
DDB1,0.0,-0.17964239331779489,False
DDOST,0.0,-0.17964239331779489,False
DDR1,0.0,-0.17964239331779489,False
DDR2,0.0,-0.17964239331779489,False
DDX17,0.0,-0.17964239331779489,False
DDX21,0.0,-0.17964239331779489,False
DDX3X,0.0,-0.17964239331779489,False
DDX42,0.0,-0.17964239331779489,False
DDX5,0.0,-0.17964239331779489,False
DDX6,0.0,-0.17964239331779489,False
DDX60,0.0,-0.17964239331779489,False
DEGS1,0.0,-0.17964239331779489,False
DEGS2,0.0,-0.17964239331779489,False
DEK,0.0,-0.17964239331779489,False
DENND1B,0.0,-0.17964239331779489,False
DENND4C,0.0,-0.17964239331779489,False
DERL1,0.0,-0.17964239331779489,False
DES,0.0,-0.17964239331779489,False
DGAT2,0.0,-0.17964239331779489,False
DHCR24,0.0,-0.17964239331779489,False
DHCR7,0.0,-0.17964239331779489,False
DHRS2,0.0,-0.17964239331779489,False
DHX15,0.0,-0.17964239331779489,False
DHX9,0.0,-0.17964239331779489,False
DLK1,0.0,-0.17964239331779489,False
DMBT1,0.0,-0.17964239331779489,False
DNAJA1,0.0,-0.17964239331779489,False
DNAJB1,0.0,-0.17964239331779489,False
DNAJC1,0.0,-0.17964239331779489,False
DNAJC10,0.0,-0.17964239331779489,False
DPYSL2,0.0,-0.17964239331779489,False
DPYSL3,0.0,-0.17964239331779489,False
DSC2,0.0,-0.17964239331779489,False
DSC3,0.0,-0.17964239331779489,False
DSG1,0.0,-0.17964239331779489,False
DSG2,0.0,-0.17964239331779489,False
DSP,0.0,-0.17964239331779489,False
DST,0.0,-0.17964239331779489,False
DSTN,0.0,-0.17964239331779489,False
DTX3L,0.0,-0.17964239331779489,False
DUSP1,0.0,-0.17964239331779489,False
DYNC1H1,0.0,-0.17964239331779489,False
DYNLL1,0.0,-0.17964239331779489,False
DYNLL2,0.0,-0.17964239331779489,False
ECE1,0.0,-0.17964239331779489,False
ECM1,0.0,-0.17964239331779489,False
EDEM3,0.0,-0.17964239331779489,False
EDF1,0.0,-0.17964239331779489,False
EDIL3,0.0,-0.17964239331779489,False
EEF1A1,0.0,-0.17964239331779489,False
EEF1A2,0.0,-0.17964239331779489,False
EEF1B2,0.0,-0.17964239331779489,False
EEF2,0.0,-0.17964239331779489,False
EFEMP1,0.0,-0.17964239331779489,False
EGFR,0.0,-0.17964239331779489,False
EGR1,0.0,-0.17964239331779489,False
EHD2,0.0,-0.17964239331779489,False
EID1,0.0,-0.17964239331779489,False
EIF1,0.0,-0.17964239331779489,False
EIF2AK1,0.0,-0.17964239331779489,False
EIF2AK2,0.0,-0.17964239331779489,False
EIF2S3,0.0,-0.17964239331779489,False
EIF3A,0.0,-0.17964239331779489,False
EIF3B,0.0,-0.17964239331779489,False
EIF3D,0.0,-0.17964239331779489,False
EIF3E,0.0,-0.17964239331779489,False
EIF3H,0.0,-0.17964239331779489,False
EIF3I,0.0,-0.17964239331779489,False
EIF3L,0.0,-0.17964239331779489,False
EIF4A2,0.0,-0.17964239331779489,False
EIF4B,0.0,-0.17964239331779489,False
EIF4EBP2,0.0,-0.17964239331779489,False
EIF4G1,0.0,-0.17964239331779489,False
EIF4G2,0.0,-0.17964239331779489,False
EIF4H,0.0,-0.17964239331779489,False
EIF5,0.0,-0.17964239331779489,False
EIF5A,0.0,-0.17964239331779489,False
EIF5B,0.0,-0.17964239331779489,False
ELF5,0.0,-0.17964239331779489,False
ELN,0.0,-0.17964239331779489,False
ELOB,0.0,-0.17964239331779489,False
ELOVL2,0.0,-0.17964239331779489,False
ELOVL5,0.0,-0.17964239331779489,False
ELP2,0.0,-0.17964239331779489,False
EMP2,0.0,-0.17964239331779489,False
ENAH,0.0,-0.17964239331779489,False
ENO1,0.0,-0.17964239331779489,False
ENO3,0.0,-0.17964239331779489,False
ENPP1,0.0,-0.17964239331779489,False
ENSA,0.0,-0.17964239331779489,False
ENTPD5,0.0,-0.17964239331779489,False
EPAS1,0.0,-0.17964239331779489,False
EPB41L2,0.0,-0.17964239331779489,False
EPCAM,0.0,-0.17964239331779489,False
EPHB3,0.0,-0.17964239331779489,False
EPHX1,0.0,-0.17964239331779489,False
ERBB2,0.0,-0.17964239331779489,False
ERBB3,0.0,-0.17964239331779489,False
ERGIC1,0.0,-0.17964239331779489,False
ERLIN2,0.0,-0.17964239331779489,False
ESR1,0.0,-0.17964239331779489,False
ESRP1,0.0,-0.17964239331779489,False
ESYT1,0.0,-0.17964239331779489,False
ESYT2,0.0,-0.17964239331779489,False
ETS1,0.0,-0.17964239331779489,False
ETV6,0.0,-0.17964239331779489,False
EVL,0.009999999999999998,2.7521214656286177,True
EWSR1,0.0,-0.17964239331779489,False
EXOC2,0.0,-0.17964239331779489,False
EZR,0.0,-0.17964239331779489,False
F11R,0.0,-0.17964239331779489,False
FABP4,0.0,-0.17964239331779489,False
FABP7,0.0,-0.17964239331779489,False
FADS2,0.0,-0.17964239331779489,False
FAM120A,0.0,-0.17964239331779489,False
FARP1,0.009999999999999998,2.7521214656286177,True
FASN,0.0,-0.17964239331779489,False
FAT1,0.0,-0.17964239331779489,False
FAU,0.0,-0.17964239331779489,False
FBL,0.0,-0.17964239331779489,False
FBLN1,0.0,-0.17964239331779489,False
FBLN2,0.0,-0.17964239331779489,False
FBN1,0.0,-0.17964239331779489,False
FBXO32,0.0,-0.17964239331779489,False
FCGBP,0.0,-0.17964239331779489,False
FCGR3A,0.0,-0.17964239331779489,False
FCGRT,0.0,-0.17964239331779489,False
FGA,0.0,-0.17964239331779489,False
FGB,0.0,-0.17964239331779489,False
FGD3,0.0,-0.17964239331779489,False
FGF10,0.0,-0.17964239331779489,False
FGFR1,0.0,-0.17964239331779489,False
FGFR2,0.0,-0.17964239331779489,False
FGG,0.0,-0.17964239331779489,False
FHL1,0.0,-0.17964239331779489,False
FHL2,0.0,-0.17964239331779489,False
FKBP10,0.0,-0.17964239331779489,False
FKBP1A,0.0,-0.17964239331779489,False
FKBP4,0.0,-0.17964239331779489,False
FKBP5,0.0,-0.17964239331779489,False
FKBP8,0.0,-0.17964239331779489,False
FLII,0.0,-0.17964239331779489,False
FLNA,0.0,-0.17964239331779489,False
FLNB,0.0,-0.17964239331779489,False
FLNC,0.0,-0.17964239331779489,False
FLOT1,0.0,-0.17964239331779489,False
FMOD,0.0,-0.17964239331779489,False
FN1,0.0,-0.17964239331779489,False
FNBP1L,0.0,-0.17964239331779489,False
FOS,0.0,-0.17964239331779489,False
FOSB,0.0,-0.17964239331779489,False
FOSL2,0.0,-0.17964239331779489,False
FOXA1,0.0,-0.17964239331779489,False
FOXO3,0.009999999999999998,2.7521214656286177,True
FRS2,0.009999999999999998,2.7521214656286177,True
FSCN1,0.0,-0.17964239331779489,False
FSTL1,0.0,-0.17964239331779489,False
FTL,0.0,-0.17964239331779489,False
FTO,0.0,-0.17964239331779489,False
FURIN,0.0,-0.17964239331779489,False
FUS,0.0,-0.17964239331779489,False
FXR1,0.0,-0.17964239331779489,False
FYCO1,0.0,-0.17964239331779489,False
FZD4,0.0,-0.17964239331779489,False
G3BP1,0.0,-0.17964239331779489,False
G3BP2,0.0,-0.17964239331779489,False
G6PD,0.0,-0.17964239331779489,False
GANAB,0.0,-0.17964239331779489,False
GAPDH,0.0,-0.17964239331779489,False
GATA3,0.0,-0.17964239331779489,False
GBP1,0.0,-0.17964239331779489,False
GBP2,0.0,-0.17964239331779489,False
GBP4,0.0,-0.17964239331779489,False
GCN1,0.0,-0.17964239331779489,False
GDAP1,0.0,-0.17964239331779489,False
GDF9,0.0,-0.17964239331779489,False
GDI1,0.0,-0.17964239331779489,False
GDI2,0.0,-0.17964239331779489,False
GFPT1,0.0,-0.17964239331779489,False
GFRA1,0.0,-0.17964239331779489,False
GJA1,0.0,-0.17964239331779489,False
GLG1,0.0,-0.17964239331779489,False
GLI3,0.0,-0.17964239331779489,False
GLO1,0.0,-0.17964239331779489,False
GLUD1,0.0,-0.17964239331779489,False
GLUL,0.0,-0.17964239331779489,False
GNAI2,0.0,-0.17964239331779489,False
GNAS,0.0,-0.17964239331779489,False
GNB1,0.0,-0.17964239331779489,False
GNB2,0.0,-0.17964239331779489,False
GNG12,0.0,-0.17964239331779489,False
GNS,0.0,-0.17964239331779489,False
GOLGA4,0.0,-0.17964239331779489,False
GOLGB1,0.0,-0.17964239331779489,False
GOLM1,0.0,-0.17964239331779489,False
GOT2,0.0,-0.17964239331779489,False
GP2,0.0,-0.17964239331779489,False
GPAA1,0.0,-0.17964239331779489,False
GPAM,0.0,-0.17964239331779489,False
GPAT4,0.0,-0.17964239331779489,False
GPC3,0.0,-0.17964239331779489,False
GPC4,0.0,-0.17964239331779489,False
GPD1,0.0,-0.17964239331779489,False
GPD1L,0.0,-0.17964239331779489,False
GPD2,0.0,-0.17964239331779489,False
GPI,0.0,-0.17964239331779489,False
GPNMB,0.0,-0.17964239331779489,False
GPX3,0.0,-0.17964239331779489,False
GPX4,0.0,-0.17964239331779489,False
GRB2,0.0,-0.17964239331779489,False
GRB7,0.0,-0.17964239331779489,False
GREB1,0.0,-0.17964239331779489,False
GRIA2,0.009999999999999998,2.7521214656286177,True
GRINA,0.0,-0.17964239331779489,False
GRK2,0.0,-0.17964239331779489,False
GRN,0.0,-0.17964239331779489,False
GSE1,0.019999999999999997,5.68388532457503,True
GSN,0.0,-0.17964239331779489,False
GSPT1,0.0,-0.17964239331779489,False
GSTM3,0.0,-0.17964239331779489,False
GSTP1,0.0,-0.17964239331779489,False
GUK1,0.0,-0.17964239331779489,False
GYG2,0.0,-0.17964239331779489,False
HACD3,0.0,-0.17964239331779489,False
HADHA,0.0,-0.17964239331779489,False
HADHB,0.0,-0.17964239331779489,False
HDAC2,0.0,-0.17964239331779489,False
HDC,0.0,-0.17964239331779489,False
HDGF,0.0,-0.17964239331779489,False
HDLBP,0.0,-0.17964239331779489,False
HGSNAT,0.0,-0.17964239331779489,False
HIF1A,0.009999999999999998,2.7521214656286177,True
HIPK2,0.0,-0.17964239331779489,False
HIPK3,0.0,-0.17964239331779489,False
HK1,0.0,-0.17964239331779489,False
HK2,0.0,-0.17964239331779489,False
HLA-A,0.0,-0.17964239331779489,False
HLA-B,0.0,-0.17964239331779489,False
HLA-C,0.0,-0.17964239331779489,False
HLA-DPA1,0.0,-0.17964239331779489,False
HLA-DPB1,0.0,-0.17964239331779489,False
HLA-DQA1,0.0,-0.17964239331779489,False
HLA-DQB1,0.0,-0.17964239331779489,False
HLA-DRA,0.0,-0.17964239331779489,False
HLA-DRB1,0.0,-0.17964239331779489,False
HLA-DRB5,0.0,-0.17964239331779489,False
HLA-E,0.0,-0.17964239331779489,False
HM13,0.0,-0.17964239331779489,False
HMGA1,0.0,-0.17964239331779489,False
HMGB1,0.0,-0.17964239331779489,False
HMGB2,0.0,-0.17964239331779489,False
HMGCS2,0.0,-0.17964239331779489,False
HMGN1,0.0,-0.17964239331779489,False
HMGN2,0.0,-0.17964239331779489,False
HNRNPA1,0.0,-0.17964239331779489,False
HNRNPA2B1,0.0,-0.17964239331779489,False
HNRNPA3,0.0,-0.17964239331779489,False
HNRNPC,0.0,-0.17964239331779489,False
HNRNPD,0.0,-0.17964239331779489,False
HNRNPDL,0.0,-0.17964239331779489,False
HNRNPF,0.0,-0.17964239331779489,False
HNRNPH1,0.0,-0.17964239331779489,False
HNRNPK,0.0,-0.17964239331779489,False
HNRNPM,0.0,-0.17964239331779489,False
HNRNPU,0.0,-0.17964239331779489,False
HNRNPUL1,0.0,-0.17964239331779489,False
HPGD,0.0,-0.17964239331779489,False
HPX,0.0,-0.17964239331779489,False
HSBP1,0.0,-0.17964239331779489,False
HSP90AA1,0.0,-0.17964239331779489,False
HSP90AB1,0.0,-0.17964239331779489,False
HSP90B1,0.0,-0.17964239331779489,False
HSPA1A,0.0,-0.17964239331779489,False
HSPA2,0.0,-0.17964239331779489,False
HSPA4,0.0,-0.17964239331779489,False
HSPA5,0.0,-0.17964239331779489,False
HSPA8,0.0,-0.17964239331779489,False
HSPA9,0.0,-0.17964239331779489,False
HSPB1,0.0,-0.17964239331779489,False
HSPB7,0.0,-0.17964239331779489,False
HSPB8,0.0,-0.17964239331779489,False
HSPD1,0.0,-0.17964239331779489,False
HSPG2,0.0,-0.17964239331779489,False
HSPH1,0.0,-0.17964239331779489,False
HTRA1,0.0,-0.17964239331779489,False
HTT,0.0,-0.17964239331779489,False
HUWE1,0.0,-0.17964239331779489,False
HYOU1,0.0,-0.17964239331779489,False
IARS2,0.0,-0.17964239331779489,False
IDH1,0.0,-0.17964239331779489,False
IDH2,0.0,-0.17964239331779489,False
IDO1,0.0,-0.17964239331779489,False
IFI16,0.0,-0.17964239331779489,False
IFI27,0.0,-0.17964239331779489,False
IFI44L,0.0,-0.17964239331779489,False
IFI6,0.0,-0.17964239331779489,False
IFIT1,0.0,-0.17964239331779489,False
IFIT3,0.0,-0.17964239331779489,False
IFITM1,0.0,-0.17964239331779489,False
IFITM2,0.0,-0.17964239331779489,False
IFITM3,0.0,-0.17964239331779489,False
IGF1R,0.019999999999999997,5.68388532457503,True
IGF2R,0.0,-0.17964239331779489,False
IGFBP2,0.0,-0.17964239331779489,False
IGFBP3,0.0,-0.17964239331779489,False
IGFBP5,0.0,-0.17964239331779489,False
IGFBP7,0.0,-0.17964239331779489,False
IL13RA1,0.0,-0.17964239331779489,False
IL1R1,0.0,-0.17964239331779489,False
IL2RB,0.0,-0.17964239331779489,False
IL6ST,0.0,-0.17964239331779489,False
ILF2,0.0,-0.17964239331779489,False
ILF3,0.0,-0.17964239331779489,False
IMPDH2,0.0,-0.17964239331779489,False
INPP4B,0.0,-0.17964239331779489,False
INSIG1,0.0,-0.17964239331779489,False
INSR,0.0,-0.17964239331779489,False
IPO5,0.0,-0.17964239331779489,False
IPO7,0.0,-0.17964239331779489,False
IQGAP1,0.009999999999999998,2.7521214656286177,True
IQGAP2,0.019999999999999997,5.68388532457503,True
IRAK1,0.0,-0.17964239331779489,False
IRF2BP2,0.029999999999999995,8.615649183521443,True
ISG15,0.0,-0.17964239331779489,False
ITGA11,0.0,-0.17964239331779489,False
ITGA3,0.0,-0.17964239331779489,False
ITGA6,0.0,-0.17964239331779489,False
ITGAV,0.0,-0.17964239331779489,False
ITGB1,0.0,-0.17964239331779489,False
ITGB2,0.0,-0.17964239331779489,False
ITGB4,0.0,-0.17964239331779489,False
ITGB5,0.0,-0.17964239331779489,False
ITGB6,0.0,-0.17964239331779489,False
ITIH5,0.0,-0.17964239331779489,False
ITM2B,0.0,-0.17964239331779489,False
ITPR1,0.0,-0.17964239331779489,False
ITPR2,0.0,-0.17964239331779489,False
IVNS1ABP,0.0,-0.17964239331779489,False
JAK1,0.0,-0.17964239331779489,False
JCHAIN,0.0,-0.17964239331779489,False
JUN,0.0,-0.17964239331779489,False
JUNB,0.0,-0.17964239331779489,False
JUND,0.0,-0.17964239331779489,False
JUP,0.0,-0.17964239331779489,False
KAT6A,0.029999999999999995,8.615649183521443,True
KAT6B,0.0,-0.17964239331779489,False
KAT7,0.009999999999999998,2.7521214656286177,True
KCNE4,0.0,-0.17964239331779489,False
KCNJ3,0.0,-0.17964239331779489,False
KCTD12,0.0,-0.17964239331779489,False
KDELR1,0.0,-0.17964239331779489,False
KDELR2,0.0,-0.17964239331779489,False
KDM2A,0.0,-0.17964239331779489,False
KDM4B,0.009999999999999998,2.7521214656286177,True
KDM5B,0.039999999999999994,11.547413042467856,True
KHDRBS1,0.0,-0.17964239331779489,False
KIF13B,0.0,-0.17964239331779489,False
KIF16B,0.0,-0.17964239331779489,False
KIF1B,0.0,-0.17964239331779489,False
KIF1C,0.0,-0.17964239331779489,False
KIF5B,0.0,-0.17964239331779489,False
KIT,0.0,-0.17964239331779489,False
KITLG,0.0,-0.17964239331779489,False
KLF6,0.0,-0.17964239331779489,False
KLHL41,0.009999999999999998,2.7521214656286177,True
KLHL9,0.0,-0.17964239331779489,False
KMT2C,0.009999999999999998,2.7521214656286177,True
KPNA2,0.0,-0.17964239331779489,False
KPNB1,0.0,-0.17964239331779489,False
KRT14,0.0,-0.17964239331779489,False
KRT15,0.0,-0.17964239331779489,False
KRT16,0.0,-0.17964239331779489,False
KRT17,0.0,-0.17964239331779489,False
KRT18,0.0,-0.17964239331779489,False
KRT19,0.0,-0.17964239331779489,False
KRT5,0.0,-0.17964239331779489,False
KRT7,0.0,-0.17964239331779489,False
KRT8,0.0,-0.17964239331779489,False
KTN1,0.009999999999999998,2.7521214656286177,True
LACRT,0.0,-0.17964239331779489,False
LAMA3,0.0,-0.17964239331779489,False
LAMA4,0.0,-0.17964239331779489,False
LAMA5,0.0,-0.17964239331779489,False
LAMB1,0.0,-0.17964239331779489,False
LAMB2,0.0,-0.17964239331779489,False
LAMB3,0.0,-0.17964239331779489,False
LAMC1,0.0,-0.17964239331779489,False
LAMC2,0.0,-0.17964239331779489,False
LAMP1,0.0,-0.17964239331779489,False
LAMP2,0.0,-0.17964239331779489,False
LAP3,0.0,-0.17964239331779489,False
LAPTM4A,0.0,-0.17964239331779489,False
LAPTM4B,0.0,-0.17964239331779489,False
LAPTM5,0.0,-0.17964239331779489,False
LARP1,0.0,-0.17964239331779489,False
LASP1,0.0,-0.17964239331779489,False
LBP,0.0,-0.17964239331779489,False
LCP1,0.0,-0.17964239331779489,False
LDB3,0.0,-0.17964239331779489,False
LDHA,0.0,-0.17964239331779489,False
LDLRAD4,0.0,-0.17964239331779489,False
LEP,0.0,-0.17964239331779489,False
LGALS1,0.0,-0.17964239331779489,False
LGALS3,0.0,-0.17964239331779489,False
LGALS3BP,0.0,-0.17964239331779489,False
LGMN,0.0,-0.17964239331779489,False
LIMA1,0.0,-0.17964239331779489,False
LIPA,0.0,-0.17964239331779489,False
LIPE,0.0,-0.17964239331779489,False
LITAF,0.0,-0.17964239331779489,False
LMAN1,0.0,-0.17964239331779489,False
LMNA,0.0,-0.17964239331779489,False
LMO4,0.0,-0.17964239331779489,False
LMOD2,0.0,-0.17964239331779489,False
LMOD3,0.0,-0.17964239331779489,False
LNPEP,0.0,-0.17964239331779489,False
LONP2,0.0,-0.17964239331779489,False
LPCAT1,0.0,-0.17964239331779489,False
LPGAT1,0.0,-0.17964239331779489,False
LPL,0.0,-0.17964239331779489,False
LPP,0.0,-0.17964239331779489,False
LRBA,0.009999999999999998,2.7521214656286177,True
LRIG1,0.0,-0.17964239331779489,False
LRP1,0.0,-0.17964239331779489,False
LRP10,0.0,-0.17964239331779489,False
LRP2,0.0,-0.17964239331779489,False
LRPPRC,0.0,-0.17964239331779489,False
LRRFIP1,0.0,-0.17964239331779489,False
LSM14A,0.0,-0.17964239331779489,False
LSR,0.0,-0.17964239331779489,False
LTBP1,0.0,-0.17964239331779489,False
LTBP2,0.0,-0.17964239331779489,False
LTBP3,0.0,-0.17964239331779489,False
LTF,0.0,-0.17964239331779489,False
LUC7L3,0.0,-0.17964239331779489,False
LUM,0.0,-0.17964239331779489,False
LY6E,0.0,-0.17964239331779489,False
LYPD3,0.0,-0.17964239331779489,False
LYPLA1,0.0,-0.17964239331779489,False
LYZ,0.0,-0.17964239331779489,False
MACF1,0.0,-0.17964239331779489,False
MAGED1,0.0,-0.17964239331779489,False
MAGED2,0.0,-0.17964239331779489,False
MAL2,0.0,-0.17964239331779489,False
MAOA,0.0,-0.17964239331779489,False
MAOB,0.0,-0.17964239331779489,False
MAP1B,0.0,-0.17964239331779489,False
MAP3K1,0.019999999999999997,5.68388532457503,True
MAP4,0.0,-0.17964239331779489,False
MAPKAPK2,0.0,-0.17964239331779489,False
MAPRE1,0.0,-0.17964239331779489,False
MAPT,0.0,-0.17964239331779489,False
MARCKS,0.0,-0.17964239331779489,False
MARCKSL1,0.0,-0.17964239331779489,False
MAT2A,0.0,-0.17964239331779489,False
MB,0.0,-0.17964239331779489,False
MBNL1,0.0,-0.17964239331779489,False
MBOAT2,0.0,-0.17964239331779489,False
MBOAT7,0.0,-0.17964239331779489,False
MBTPS1,0.0,-0.17964239331779489,False
MCAM,0.0,-0.17964239331779489,False
MCCC2,0.0,-0.17964239331779489,False
MCL1,0.009999999999999998,2.7521214656286177,True
MCM3,0.0,-0.17964239331779489,False
MCM4,0.009999999999999998,2.7521214656286177,True
MCM7,0.0,-0.17964239331779489,False
MDH2,0.0,-0.17964239331779489,False
MDK,0.0,-0.17964239331779489,False
MED1,0.009999999999999998,2.7521214656286177,True
MED13,0.0,-0.17964239331779489,False
MED13L,0.0,-0.17964239331779489,False
MED24,0.0,-0.17964239331779489,False
MFAP4,0.0,-0.17964239331779489,False
MFAP5,0.0,-0.17964239331779489,False
MFGE8,0.0,-0.17964239331779489,False
MGLL,0.0,-0.17964239331779489,False
MGP,0.0,-0.17964239331779489,False
MGST1,0.0,-0.17964239331779489,False
MIA3,0.0,-0.17964239331779489,False
MIEN1,0.0,-0.17964239331779489,False
MKI67,0.0,-0.17964239331779489,False
MKNK2,0.0,-0.17964239331779489,False
MLEC,0.0,-0.17964239331779489,False
MLLT6,0.0,-0.17964239331779489,False
MLPH,0.0,-0.17964239331779489,False
MME,0.0,-0.17964239331779489,False
MMP11,0.0,-0.17964239331779489,False
MMP14,0.0,-0.17964239331779489,False
MMP2,0.0,-0.17964239331779489,False
MMP7,0.0,-0.17964239331779489,False
MMP9,0.0,-0.17964239331779489,False
MOB1A,0.0,-0.17964239331779489,False
MORF4L1,0.009999999999999998,2.7521214656286177,True
MORF4L2,0.0,-0.17964239331779489,False
MPRIP,0.0,-0.17964239331779489,False
MPZL1,0.0,-0.17964239331779489,False
MRFAP1,0.0,-0.17964239331779489,False
MRPS30,0.0,-0.17964239331779489,False
MS4A7,0.0,-0.17964239331779489,False
MSL1,0.0,-0.17964239331779489,False
MSMB,0.0,-0.17964239331779489,False
MSN,0.0,-0.17964239331779489,False
MT-ATP6,0.0,-0.17964239331779489,False
MT-ATP8,0.0,-0.17964239331779489,False
MT-CO1,0.0,-0.17964239331779489,False
MT-CO2,0.0,-0.17964239331779489,False
MT-CO3,0.0,-0.17964239331779489,False
MT-CYB,0.0,-0.17964239331779489,False
MT-ND1,0.0,-0.17964239331779489,False
MT-ND2,0.0,-0.17964239331779489,False
MT-ND3,0.0,-0.17964239331779489,False
MT-ND4,0.0,-0.17964239331779489,False
MT-ND4L,0.0,-0.17964239331779489,False
MT-ND5,0.0,-0.17964239331779489,False
MT-ND6,0.0,-0.17964239331779489,False
MT2A,0.0,-0.17964239331779489,False
MTCH1,0.0,-0.17964239331779489,False
MTDH,0.0,-0.17964239331779489,False
MTPN,0.0,-0.17964239331779489,False
MTSS1,0.0,-0.17964239331779489,False
MUC1,0.0,-0.17964239331779489,False
MUC16,0.0,-0.17964239331779489,False
MUC2,0.0,-0.17964239331779489,False
MUC5B,0.0,-0.17964239331779489,False
MUC6,0.0,-0.17964239331779489,False
MUCL1,0.0,-0.17964239331779489,False
MVP,0.0,-0.17964239331779489,False
MX1,0.0,-0.17964239331779489,False
MYBPC1,0.0,-0.17964239331779489,False
MYBPC2,0.0,-0.17964239331779489,False
MYC,0.0,-0.17964239331779489,False
MYH1,0.0,-0.17964239331779489,False
MYH11,0.0,-0.17964239331779489,False
MYH14,0.0,-0.17964239331779489,False
MYH2,0.0,-0.17964239331779489,False
MYH7,0.0,-0.17964239331779489,False
MYH9,0.0,-0.17964239331779489,False
MYL1,0.0,-0.17964239331779489,False
MYL12A,0.0,-0.17964239331779489,False
MYL12B,0.0,-0.17964239331779489,False
MYL2,0.0,-0.17964239331779489,False
MYL3,0.0,-0.17964239331779489,False
MYL6,0.0,-0.17964239331779489,False
MYL9,0.0,-0.17964239331779489,False
MYLK,0.0,-0.17964239331779489,False
MYLPF,0.0,-0.17964239331779489,False
MYO1B,0.0,-0.17964239331779489,False
MYO1C,0.0,-0.17964239331779489,False
MYO1D,0.0,-0.17964239331779489,False
MYO6,0.0,-0.17964239331779489,False
MYOF,0.0,-0.17964239331779489,False
MYOM1,0.0,-0.17964239331779489,False
MYOM2,0.0,-0.17964239331779489,False
MYOT,0.0,-0.17964239331779489,False
MYOZ1,0.0,-0.17964239331779489,False
NACA,0.0,-0.17964239331779489,False
NAMPT,0.0,-0.17964239331779489,False
NAP1L1,0.0,-0.17964239331779489,False
NAT1,0.0,-0.17964239331779489,False
NBR1,0.0,-0.17964239331779489,False
NCAPD2,0.0,-0.17964239331779489,False
NCKAP1,0.0,-0.17964239331779489,False
NCL,0.0,-0.17964239331779489,False
NCOA2,0.0,-0.17964239331779489,False
NCOA4,0.0,-0.17964239331779489,False
NCOR1,0.029999999999999995,8.615649183521443,True
NCOR2,0.019999999999999997,5.68388532457503,True
NCSTN,0.0,-0.17964239331779489,False
NDFIP1,0.0,-0.17964239331779489,False
NDRG1,0.0,-0.17964239331779489,False
NDRG2,0.0,-0.17964239331779489,False
NDST1,0.0,-0.17964239331779489,False
NDUFA4,0.0,-0.17964239331779489,False
NDUFB9,0.0,-0.17964239331779489,False
NEB,0.0,-0.17964239331779489,False
NEBL,0.0,-0.17964239331779489,False
NECTIN2,0.0,-0.17964239331779489,False
NELFCD,0.0,-0.17964239331779489,False
NELL2,0.0,-0.17964239331779489,False
NES,0.0,-0.17964239331779489,False
NET1,0.0,-0.17964239331779489,False
NF1,0.039999999999999994,11.547413042467856,True
NFIA,0.0,-0.17964239331779489,False
NFIB,0.0,-0.17964239331779489,False
NFIC,0.0,-0.17964239331779489,False
NFIX,0.0,-0.17964239331779489,False
NID1,0.0,-0.17964239331779489,False
NKAIN1,0.0,-0.17964239331779489,False
NONO,0.0,-0.17964239331779489,False
NOTCH2,0.0,-0.17964239331779489,False
NOTCH3,0.0,-0.17964239331779489,False
NPM1,0.0,-0.17964239331779489,False
NPNT,0.0,-0.17964239331779489,False
NPTN,0.0,-0.17964239331779489,False
NPY1R,0.0,-0.17964239331779489,False
NQO1,0.0,-0.17964239331779489,False
NR2F2,0.0,-0.17964239331779489,False
NR4A1,0.0,-0.17964239331779489,False
NRAP,0.0,-0.17964239331779489,False
NRIP1,0.0,-0.17964239331779489,False
NRP1,0.0,-0.17964239331779489,False
NSD3,0.0,-0.17964239331779489,False
NTRK2,0.009999999999999998,2.7521214656286177,True
NTS,0.0,-0.17964239331779489,False
NUCB2,0.0,-0.17964239331779489,False
NUFIP2,0.0,-0.17964239331779489,False
NUMA1,0.0,-0.17964239331779489,False
NUP210,0.009999999999999998,2.7521214656286177,True
OAS1,0.0,-0.17964239331779489,False
OAS2,0.0,-0.17964239331779489,False
OAS3,0.0,-0.17964239331779489,False
OAT,0.0,-0.17964239331779489,False
OAZ1,0.0,-0.17964239331779489,False
OBSCN,0.0,-0.17964239331779489,False
ODC1,0.0,-0.17964239331779489,False
OGDH,0.0,-0.17964239331779489,False
OGT,0.0,-0.17964239331779489,False
OPTN,0.0,-0.17964239331779489,False
ORMDL3,0.0,-0.17964239331779489,False
OS9,0.0,-0.17964239331779489,False
OXTR,0.0,-0.17964239331779489,False
P4HB,0.0,-0.17964239331779489,False
PABPC1,0.0,-0.17964239331779489,False
PAICS,0.0,-0.17964239331779489,False
PAK1,0.019999999999999997,5.68388532457503,True
PAK2,0.0,-0.17964239331779489,False
PALB2,0.0,-0.17964239331779489,False
PALLD,0.0,-0.17964239331779489,False
PAM,0.0,-0.17964239331779489,False
PANK3,0.0,-0.17964239331779489,False
PAPOLA,0.0,-0.17964239331779489,False
PAPSS1,0.009999999999999998,2.7521214656286177,True
PAPSS2,0.0,-0.17964239331779489,False
PARD6B,0.0,-0.17964239331779489,False
PARK7,0.0,-0.17964239331779489,False
PARP1,0.009999999999999998,2.7521214656286177,True
PARP10,0.0,-0.17964239331779489,False
PARP14,0.0,-0.17964239331779489,False
PARP9,0.0,-0.17964239331779489,False
PARVA,0.0,-0.17964239331779489,False
PATJ,0.0,-0.17964239331779489,False
PBX1,0.0,-0.17964239331779489,False
PCDH10,0.0,-0.17964239331779489,False
PCNA,0.0,-0.17964239331779489,False
PCSK1,0.0,-0.17964239331779489,False
PCYOX1,0.0,-0.17964239331779489,False
PDCD4,0.0,-0.17964239331779489,False
PDCD6IP,0.0,-0.17964239331779489,False
PDE4B,0.0,-0.17964239331779489,False
PDE4DIP,0.0,-0.17964239331779489,False
PDGFRB,0.0,-0.17964239331779489,False
PDIA3,0.0,-0.17964239331779489,False
PDIA4,0.0,-0.17964239331779489,False
PDIA6,0.0,-0.17964239331779489,False
PDK4,0.0,-0.17964239331779489,False
PDLIM1,0.0,-0.17964239331779489,False
PDLIM3,0.0,-0.17964239331779489,False
PDLIM5,0.0,-0.17964239331779489,False
PDS5A,0.0,-0.17964239331779489,False
PDXK,0.0,-0.17964239331779489,False
PEBP1,0.0,-0.17964239331779489,False
PECAM1,0.0,-0.17964239331779489,False
PERP,0.0,-0.17964239331779489,False
PFKFB3,0.0,-0.17964239331779489,False
PFKL,0.0,-0.17964239331779489,False
PFKM,0.0,-0.17964239331779489,False
PFN1,0.0,-0.17964239331779489,False
PFN2,0.0,-0.17964239331779489,False
PGAP3,0.0,-0.17964239331779489,False
PGD,0.0,-0.17964239331779489,False
PGK1,0.0,-0.17964239331779489,False
PGM1,0.0,-0.17964239331779489,False
PGR,0.0,-0.17964239331779489,False
PGRMC1,0.0,-0.17964239331779489,False
PHB,0.0,-0.17964239331779489,False
PHB2,0.0,-0.17964239331779489,False
PHF3,0.0,-0.17964239331779489,False
PHGDH,0.0,-0.17964239331779489,False
PICALM,0.0,-0.17964239331779489,False
PIGR,0.0,-0.17964239331779489,False
PIGT,0.0,-0.17964239331779489,False
PIK3CA,0.0,-0.17964239331779489,False
PIK3R1,0.009999999999999998,2.7521214656286177,True
PIK3R3,0.0,-0.17964239331779489,False
PIP,0.0,-0.17964239331779489,False
PJA2,0.0,-0.17964239331779489,False
PKIA,0.0,-0.17964239331779489,False
PKM,0.0,-0.17964239331779489,False
PKP4,0.0,-0.17964239331779489,False
PLAT,0.0,-0.17964239331779489,False
PLD3,0.0,-0.17964239331779489,False
PLEC,0.0,-0.17964239331779489,False
PLIN1,0.0,-0.17964239331779489,False
PLIN4,0.0,-0.17964239331779489,False
PLK2,0.0,-0.17964239331779489,False
PLOD1,0.0,-0.17964239331779489,False
PLP1,0.0,-0.17964239331779489,False
PLPP5,0.0,-0.17964239331779489,False
PLS3,0.0,-0.17964239331779489,False
PLTP,0.0,-0.17964239331779489,False
PLXDC2,0.0,-0.17964239331779489,False
PLXNB2,0.0,-0.17964239331779489,False
PLXND1,0.0,-0.17964239331779489,False
PMEPA1,0.0,-0.17964239331779489,False
PMP22,0.0,-0.17964239331779489,False
PNPLA2,0.0,-0.17964239331779489,False
PODXL,0.0,-0.17964239331779489,False
POLR2A,0.0,-0.17964239331779489,False
POLR2B,0.009999999999999998,2.7521214656286177,True
POSTN,0.0,-0.17964239331779489,False
PPFIA1,0.0,-0.17964239331779489,False
PPIA,0.0,-0.17964239331779489,False
PPL,0.0,-0.17964239331779489,False
PPM1G,0.0,-0.17964239331779489,False
PPP1CA,0.009999999999999998,2.7521214656286177,True
PPP1CB,0.0,-0.17964239331779489,False
PPP1CC,0.0,-0.17964239331779489,False
PPP1R12B,0.0,-0.17964239331779489,False
PPP1R1B,0.0,-0.17964239331779489,False
PPP1R3C,0.0,-0.17964239331779489,False
PPP2R1A,0.0,-0.17964239331779489,False
PPP2R5A,0.0,-0.17964239331779489,False
PPP3CA,0.0,-0.17964239331779489,False
PPP6R3,0.0,-0.17964239331779489,False
PPT1,0.0,-0.17964239331779489,False
PRAME,0.0,-0.17964239331779489,False
PRCP,0.0,-0.17964239331779489,False
PRDX1,0.0,-0.17964239331779489,False
PRDX3,0.0,-0.17964239331779489,False
PRDX6,0.0,-0.17964239331779489,False
PRELP,0.0,-0.17964239331779489,False
PREX1,0.0,-0.17964239331779489,False
PRG4,0.0,-0.17964239331779489,False
PRKACB,0.009999999999999998,2.7521214656286177,True
PRKAR1A,0.0,-0.17964239331779489,False
PRKAR2B,0.0,-0.17964239331779489,False
PRKCSH,0.0,-0.17964239331779489,False
PRKDC,0.019999999999999997,5.68388532457503,True
PRLR,0.0,-0.17964239331779489,False
PRNP,0.0,-0.17964239331779489,False
PROM1,0.0,-0.17964239331779489,False
PRPF8,0.0,-0.17964239331779489,False
PRR15L,0.0,-0.17964239331779489,False
PRRC2A,0.0,-0.17964239331779489,False
PRRC2B,0.0,-0.17964239331779489,False
PRRC2C,0.0,-0.17964239331779489,False
PRSS8,0.0,-0.17964239331779489,False
PSAP,0.0,-0.17964239331779489,False
PSMA7,0.0,-0.17964239331779489,False
PSMB4,0.0,-0.17964239331779489,False
PSMC5,0.0,-0.17964239331779489,False
PSMD11,0.0,-0.17964239331779489,False
PSMD2,0.0,-0.17964239331779489,False
PSMD3,0.0,-0.17964239331779489,False
PSMD4,0.0,-0.17964239331779489,False
PSME1,0.0,-0.17964239331779489,False
PSME2,0.0,-0.17964239331779489,False
PSME4,0.0,-0.17964239331779489,False
PTBP1,0.0,-0.17964239331779489,False
PTEN,0.0,-0.17964239331779489,False
PTGES,0.0,-0.17964239331779489,False
PTGES3,0.0,-0.17964239331779489,False
PTGFRN,0.0,-0.17964239331779489,False
PTK2,0.0,-0.17964239331779489,False
PTK7,0.0,-0.17964239331779489,False
PTMA,0.0,-0.17964239331779489,False
PTMS,0.0,-0.17964239331779489,False
PTN,0.0,-0.17964239331779489,False
PTPA,0.0,-0.17964239331779489,False
PTPN1,0.0,-0.17964239331779489,False
PTPN11,0.0,-0.17964239331779489,False
PTPRF,0.0,-0.17964239331779489,False
PTPRK,0.0,-0.17964239331779489,False
PUF60,0.0,-0.17964239331779489,False
PUM2,0.0,-0.17964239331779489,False
PVALB,0.0,-0.17964239331779489,False
PXDN,0.0,-0.17964239331779489,False
PYGB,0.0,-0.17964239331779489,False
PYGM,0.0,-0.17964239331779489,False
QKI,0.0,-0.17964239331779489,False
QSOX1,0.0,-0.17964239331779489,False
RAB10,0.0,-0.17964239331779489,False
RAB11A,0.0,-0.17964239331779489,False
RAB11FIP1,0.0,-0.17964239331779489,False
RAB14,0.0,-0.17964239331779489,False
RAB1A,0.0,-0.17964239331779489,False
RAB2A,0.0,-0.17964239331779489,False
RAB31,0.0,-0.17964239331779489,False
RAB5B,0.0,-0.17964239331779489,False
RAB6A,0.0,-0.17964239331779489,False
RAB7A,0.0,-0.17964239331779489,False
RABEP1,0.0,-0.17964239331779489,False
RAC1,0.0,-0.17964239331779489,False
RACK1,0.0,-0.17964239331779489,False
RAD21,0.0,-0.17964239331779489,False
RAD23B,0.0,-0.17964239331779489,False
RAMP3,0.0,-0.17964239331779489,False
RAN,0.0,-0.17964239331779489,False
RANBP2,0.0,-0.17964239331779489,False
RB1,0.0,-0.17964239331779489,False
RBBP4,0.0,-0.17964239331779489,False
RBBP7,0.009999999999999998,2.7521214656286177,True
RBM3,0.0,-0.17964239331779489,False
RBM39,0.0,-0.17964239331779489,False
RBP4,0.0,-0.17964239331779489,False
RCAN1,0.0,-0.17964239331779489,False
REEP5,0.0,-0.17964239331779489,False
REPS2,0.029999999999999995,8.615649183521443,True
RET,0.009999999999999998,2.7521214656286177,True
RETSAT,0.0,-0.17964239331779489,False
RGL2,0.0,-0.17964239331779489,False
RGS5,0.0,-0.17964239331779489,False
RHOA,0.0,-0.17964239331779489,False
RHOB,0.0,-0.17964239331779489,False
RHOC,0.0,-0.17964239331779489,False
RNASE1,0.0,-0.17964239331779489,False
RNF11,0.0,-0.17964239331779489,False
RNF187,0.0,-0.17964239331779489,False
RNF19A,0.0,-0.17964239331779489,False
RNF213,0.0,-0.17964239331779489,False
RPL10,0.0,-0.17964239331779489,False
RPL10A,0.0,-0.17964239331779489,False
RPL11,0.0,-0.17964239331779489,False
RPL12,0.0,-0.17964239331779489,False
RPL13,0.0,-0.17964239331779489,False
RPL13A,0.0,-0.17964239331779489,False
RPL14,0.0,-0.17964239331779489,False
RPL15,0.0,-0.17964239331779489,False
RPL18,0.0,-0.17964239331779489,False
RPL18A,0.0,-0.17964239331779489,False
RPL19,0.0,-0.17964239331779489,False
RPL21,0.0,-0.17964239331779489,False
RPL23,0.0,-0.17964239331779489,False
RPL23A,0.0,-0.17964239331779489,False
RPL24,0.0,-0.17964239331779489,False
RPL27,0.0,-0.17964239331779489,False
RPL27A,0.0,-0.17964239331779489,False
RPL28,0.0,-0.17964239331779489,False
RPL29,0.0,-0.17964239331779489,False
RPL3,0.0,-0.17964239331779489,False
RPL30,0.0,-0.17964239331779489,False
RPL31,0.0,-0.17964239331779489,False
RPL32,0.0,-0.17964239331779489,False
RPL34,0.009999999999999998,2.7521214656286177,True
RPL35,0.0,-0.17964239331779489,False
RPL35A,0.0,-0.17964239331779489,False
RPL36,0.0,-0.17964239331779489,False
RPL37,0.0,-0.17964239331779489,False
RPL37A,0.0,-0.17964239331779489,False
RPL38,0.0,-0.17964239331779489,False
RPL3L,0.0,-0.17964239331779489,False
RPL4,0.0,-0.17964239331779489,False
RPL41,0.0,-0.17964239331779489,False
RPL5,0.0,-0.17964239331779489,False
RPL6,0.0,-0.17964239331779489,False
RPL7,0.0,-0.17964239331779489,False
RPL7A,0.0,-0.17964239331779489,False
RPL8,0.0,-0.17964239331779489,False
RPL9,0.0,-0.17964239331779489,False
RPLP0,0.0,-0.17964239331779489,False
RPLP1,0.0,-0.17964239331779489,False
RPLP2,0.0,-0.17964239331779489,False
RPN1,0.0,-0.17964239331779489,False
RPN2,0.0,-0.17964239331779489,False
RPRD1B,0.0,-0.17964239331779489,False
RPS11,0.0,-0.17964239331779489,False
RPS12,0.0,-0.17964239331779489,False
RPS13,0.0,-0.17964239331779489,False
RPS14,0.0,-0.17964239331779489,False
RPS15,0.0,-0.17964239331779489,False
RPS16,0.0,-0.17964239331779489,False
RPS18,0.0,-0.17964239331779489,False
RPS19,0.0,-0.17964239331779489,False
RPS2,0.0,-0.17964239331779489,False
RPS20,0.0,-0.17964239331779489,False
RPS21,0.0,-0.17964239331779489,False
RPS23,0.0,-0.17964239331779489,False
RPS24,0.0,-0.17964239331779489,False
RPS25,0.0,-0.17964239331779489,False
RPS27,0.0,-0.17964239331779489,False
RPS27A,0.0,-0.17964239331779489,False
RPS28,0.0,-0.17964239331779489,False
RPS29,0.0,-0.17964239331779489,False
RPS3,0.0,-0.17964239331779489,False
RPS3A,0.0,-0.17964239331779489,False
RPS4X,0.0,-0.17964239331779489,False
RPS5,0.0,-0.17964239331779489,False
RPS6,0.0,-0.17964239331779489,False
RPS6KB1,0.0,-0.17964239331779489,False
RPS7,0.0,-0.17964239331779489,False
RPS8,0.0,-0.17964239331779489,False
RPS9,0.0,-0.17964239331779489,False
RPSA,0.0,-0.17964239331779489,False
RRBP1,0.0,-0.17964239331779489,False
RSF1,0.0,-0.17964239331779489,False
RSL1D1,0.0,-0.17964239331779489,False
RSU1,0.0,-0.17964239331779489,False
RTN3,0.0,-0.17964239331779489,False
RTN4,0.0,-0.17964239331779489,False
RUNX1,0.009999999999999998,2.7521214656286177,True
RYR1,0.0,-0.17964239331779489,False
S100A10,0.0,-0.17964239331779489,False
S100A11,0.0,-0.17964239331779489,False
S100A14,0.0,-0.17964239331779489,False
S100A16,0.0,-0.17964239331779489,False
S100A6,0.0,-0.17964239331779489,False
S100A7,0.0,-0.17964239331779489,False
S100A7A,0.0,-0.17964239331779489,False
S100A8,0.0,-0.17964239331779489,False
S100A9,0.0,-0.17964239331779489,False
SAA1,0.0,-0.17964239331779489,False
SAMD9,0.0,-0.17964239331779489,False
SAMHD1,0.0,-0.17964239331779489,False
SAT1,0.0,-0.17964239331779489,False
SCARB2,0.0,-0.17964239331779489,False
SCD,0.0,-0.17964239331779489,False
SCGB1D2,0.0,-0.17964239331779489,False
SCGB2A2,0.0,-0.17964239331779489,False
SCIN,0.0,-0.17964239331779489,False
SCNN1A,0.0,-0.17964239331779489,False
SCP2,0.0,-0.17964239331779489,False
SDC1,0.0,-0.17964239331779489,False
SDC2,0.0,-0.17964239331779489,False
SDC4,0.0,-0.17964239331779489,False
SDCBP,0.0,-0.17964239331779489,False
SEC16A,0.0,-0.17964239331779489,False
SEC31A,0.0,-0.17964239331779489,False
SEC61A1,0.0,-0.17964239331779489,False
SEC62,0.0,-0.17964239331779489,False
SEC63,0.0,-0.17964239331779489,False
SEL1L,0.0,-0.17964239331779489,False
SELENBP1,0.0,-0.17964239331779489,False
SELENOW,0.0,-0.17964239331779489,False
SEMA3C,0.0,-0.17964239331779489,False
SEMA3F,0.0,-0.17964239331779489,False
SEPHS2,0.0,-0.17964239331779489,False
SERBP1,0.0,-0.17964239331779489,False
SERF2,0.0,-0.17964239331779489,False
SERP1,0.0,-0.17964239331779489,False
SERPINA1,0.0,-0.17964239331779489,False
SERPINA5,0.0,-0.17964239331779489,False
SERPINA6,0.0,-0.17964239331779489,False
SERPINF1,0.0,-0.17964239331779489,False
SERPING1,0.0,-0.17964239331779489,False
SERPINH1,0.0,-0.17964239331779489,False
SESN3,0.0,-0.17964239331779489,False
SET,0.0,-0.17964239331779489,False
SETD7,0.0,-0.17964239331779489,False
SF3B1,0.0,-0.17964239331779489,False
SF3B2,0.0,-0.17964239331779489,False
SF3B3,0.0,-0.17964239331779489,False
SFPQ,0.0,-0.17964239331779489,False
SFRP1,0.0,-0.17964239331779489,False
SFRP2,0.0,-0.17964239331779489,False
SFRP4,0.0,-0.17964239331779489,False
SH3BGRL,0.0,-0.17964239331779489,False
SH3GLB1,0.0,-0.17964239331779489,False
SH3PXD2A,0.0,-0.17964239331779489,False
SHROOM1,0.0,-0.17964239331779489,False
SIAH2,0.0,-0.17964239331779489,False
SIK2,0.0,-0.17964239331779489,False
SKP1,0.0,-0.17964239331779489,False
SLC12A2,0.0,-0.17964239331779489,False
SLC1A1,0.0,-0.17964239331779489,False
SLC1A2,0.0,-0.17964239331779489,False
SLC1A4,0.0,-0.17964239331779489,False
SLC1A5,0.0,-0.17964239331779489,False
SLC25A3,0.0,-0.17964239331779489,False
SLC25A4,0.0,-0.17964239331779489,False
SLC25A5,0.0,-0.17964239331779489,False
SLC25A6,0.0,-0.17964239331779489,False
SLC2A1,0.0,-0.17964239331779489,False
SLC30A8,0.0,-0.17964239331779489,False
SLC34A2,0.0,-0.17964239331779489,False
SLC38A1,0.0,-0.17964239331779489,False
SLC38A2,0.0,-0.17964239331779489,False
SLC39A11,0.0,-0.17964239331779489,False
SLC39A6,0.0,-0.17964239331779489,False
SLC39A7,0.0,-0.17964239331779489,False
SLC39A8,0.0,-0.17964239331779489,False
SLC39A9,0.009999999999999998,2.7521214656286177,True
SLC3A2,0.0,-0.17964239331779489,False
SLC40A1,0.0,-0.17964239331779489,False
SLC4A7,0.0,-0.17964239331779489,False
SLC6A4,0.0,-0.17964239331779489,False
SLC7A5,0.0,-0.17964239331779489,False
SLC7A8,0.0,-0.17964239331779489,False
SLC9A3R1,0.0,-0.17964239331779489,False
SLN,0.0,-0.17964239331779489,False
SLPI,0.0,-0.17964239331779489,False
SMARCA2,0.019999999999999997,5.68388532457503,True
SMARCA4,0.009999999999999998,2.7521214656286177,True
SMARCC1,0.009999999999999998,2.7521214656286177,True
SMARCD2,0.019999999999999997,5.68388532457503,True
SMC1A,0.0,-0.17964239331779489,False
SMG1,0.009999999999999998,2.7521214656286177,True
SMG5,0.0,-0.17964239331779489,False
SND1,0.0,-0.17964239331779489,False
SNRNP200,0.0,-0.17964239331779489,False
SNRNP70,0.0,-0.17964239331779489,False
SNRPB2,0.0,-0.17964239331779489,False
SNX3,0.0,-0.17964239331779489,False
SOCS3,0.0,-0.17964239331779489,False
SOD1,0.0,-0.17964239331779489,False
SOD2,0.0,-0.17964239331779489,False
SON,0.0,-0.17964239331779489,False
SORBS1,0.0,-0.17964239331779489,False
SORD,0.0,-0.17964239331779489,False
SORL1,0.0,-0.17964239331779489,False
SORT1,0.0,-0.17964239331779489,False
SOX4,0.0,-0.17964239331779489,False
SOX9,0.0,-0.17964239331779489,False
SP1,0.009999999999999998,2.7521214656286177,True
SPAG9,0.0,-0.17964239331779489,False
SPARC,0.0,-0.17964239331779489,False
SPARCL1,0.0,-0.17964239331779489,False
SPDEF,0.0,-0.17964239331779489,False
SPINT1,0.0,-0.17964239331779489,False
SPP1,0.0,-0.17964239331779489,False
SPTAN1,0.0,-0.17964239331779489,False
SPTBN1,0.0,-0.17964239331779489,False
SPTBN2,0.0,-0.17964239331779489,False
SPTLC2,0.0,-0.17964239331779489,False
SQLE,0.0,-0.17964239331779489,False
SQSTM1,0.0,-0.17964239331779489,False
SRC,0.0,-0.17964239331779489,False
SREBF1,0.0,-0.17964239331779489,False
SREBF2,0.0,-0.17964239331779489,False
SRI,0.0,-0.17964239331779489,False
SRL,0.0,-0.17964239331779489,False
SRP14,0.0,-0.17964239331779489,False
SRP72,0.0,-0.17964239331779489,False
SRP9,0.0,-0.17964239331779489,False
SRPRA,0.0,-0.17964239331779489,False
SRRM2,0.0,-0.17964239331779489,False
SRSF3,0.0,-0.17964239331779489,False
SRSF5,0.0,-0.17964239331779489,False
SSR1,0.0,-0.17964239331779489,False
SSR2,0.0,-0.17964239331779489,False
SSR3,0.0,-0.17964239331779489,False
SSR4,0.0,-0.17964239331779489,False
SSRP1,0.0,-0.17964239331779489,False
ST13,0.0,-0.17964239331779489,False
ST14,0.0,-0.17964239331779489,False
ST6GAL1,0.0,-0.17964239331779489,False
STAC2,0.0,-0.17964239331779489,False
STARD10,0.0,-0.17964239331779489,False
STARD3,0.0,-0.17964239331779489,False
STAT1,0.0,-0.17964239331779489,False
STAT3,0.0,-0.17964239331779489,False
STAU1,0.0,-0.17964239331779489,False
STIP1,0.0,-0.17964239331779489,False
STK38L,0.0,-0.17964239331779489,False
STMN1,0.009999999999999998,2.7521214656286177,True
STOM,0.0,-0.17964239331779489,False
STRAP,0.0,-0.17964239331779489,False
STT3A,0.0,-0.17964239331779489,False
STT3B,0.0,-0.17964239331779489,False
SUB1,0.0,-0.17964239331779489,False
SUCO,0.0,-0.17964239331779489,False
SULF1,0.0,-0.17964239331779489,False
SULF2,0.0,-0.17964239331779489,False
SUMO2,0.0,-0.17964239331779489,False
SUPT16H,0.009999999999999998,2.7521214656286177,True
SUPT6H,0.0,-0.17964239331779489,False
SURF4,0.0,-0.17964239331779489,False
SVEP1,0.0,-0.17964239331779489,False
SVIL,0.0,-0.17964239331779489,False
SYNCRIP,0.0,-0.17964239331779489,False
SYNE2,0.0,-0.17964239331779489,False
SYNM,0.0,-0.17964239331779489,False
SYNPO,0.0,-0.17964239331779489,False
SYNPO2,0.0,-0.17964239331779489,False
SYT1,0.0,-0.17964239331779489,False
SYTL2,0.0,-0.17964239331779489,False
TACC1,0.0,-0.17964239331779489,False
TACSTD2,0.0,-0.17964239331779489,False
TAGLN,0.0,-0.17964239331779489,False
TAGLN2,0.0,-0.17964239331779489,False
TALDO1,0.0,-0.17964239331779489,False
TAOK1,0.0,-0.17964239331779489,False
TAP1,0.0,-0.17964239331779489,False
TAPBP,0.0,-0.17964239331779489,False
TAT,0.0,-0.17964239331779489,False
TAX1BP1,0.0,-0.17964239331779489,False
TBL1XR1,0.0,-0.17964239331779489,False
TBX3,0.0,-0.17964239331779489,False
TCAP,0.0,-0.17964239331779489,False
TCEAL4,0.0,-0.17964239331779489,False
TCN1,0.0,-0.17964239331779489,False
TCP1,0.0,-0.17964239331779489,False
TFAP2A,0.0,-0.17964239331779489,False
TFAP2B,0.0,-0.17964239331779489,False
TFDP1,0.0,-0.17964239331779489,False
TFF1,0.0,-0.17964239331779489,False
TFF3,0.0,-0.17964239331779489,False
TFRC,0.0,-0.17964239331779489,False
TGFBI,0.0,-0.17964239331779489,False
TGFBR2,0.0,-0.17964239331779489,False
TGFBR3,0.0,-0.17964239331779489,False
TGM2,0.0,-0.17964239331779489,False
TGOLN2,0.0,-0.17964239331779489,False
THBS1,0.0,-0.17964239331779489,False
THBS2,0.0,-0.17964239331779489,False
THY1,0.0,-0.17964239331779489,False
TIMP1,0.0,-0.17964239331779489,False
TIMP2,0.0,-0.17964239331779489,False
TIMP3,0.0,-0.17964239331779489,False
TKT,0.0,-0.17964239331779489,False
TLE3,0.0,-0.17964239331779489,False
TLN1,0.0,-0.17964239331779489,False
TM4SF1,0.0,-0.17964239331779489,False
TM9SF2,0.0,-0.17964239331779489,False
TMBIM6,0.0,-0.17964239331779489,False
TMC4,0.0,-0.17964239331779489,False
TMCO1,0.0,-0.17964239331779489,False
TMED10,0.0,-0.17964239331779489,False
TMED2,0.0,-0.17964239331779489,False
TMED3,0.0,-0.17964239331779489,False
TMED9,0.0,-0.17964239331779489,False
TMPO,0.0,-0.17964239331779489,False
TMSB10,0.0,-0.17964239331779489,False
TMSB4X,0.0,-0.17964239331779489,False
TNC,0.0,-0.17964239331779489,False
TNFAIP2,0.0,-0.17964239331779489,False
TNFSF10,0.0,-0.17964239331779489,False
TNKS1BP1,0.0,-0.17964239331779489,False
TNNC1,0.0,-0.17964239331779489,False
TNNC2,0.0,-0.17964239331779489,False
TNNI1,0.0,-0.17964239331779489,False
TNNI2,0.0,-0.17964239331779489,False
TNNT1,0.0,-0.17964239331779489,False
TNNT3,0.0,-0.17964239331779489,False
TNS1,0.0,-0.17964239331779489,False
TNS3,0.0,-0.17964239331779489,False
TNXB,0.0,-0.17964239331779489,False
TOB1,0.0,-0.17964239331779489,False
TOMM20,0.0,-0.17964239331779489,False
TOP2A,0.0,-0.17964239331779489,False
TOP2B,0.019999999999999997,5.68388532457503,True
TP53,0.0,-0.17964239331779489,False
TP53INP1,0.0,-0.17964239331779489,False
TPD52,0.0,-0.17964239331779489,False
TPI1,0.0,-0.17964239331779489,False
TPM1,0.0,-0.17964239331779489,False
TPM2,0.0,-0.17964239331779489,False
TPM3,0.0,-0.17964239331779489,False
TPM4,0.0,-0.17964239331779489,False
TPR,0.0,-0.17964239331779489,False
TPT1,0.0,-0.17964239331779489,False
TPX2,0.0,-0.17964239331779489,False
TRAM1,0.0,-0.17964239331779489,False
TRDN,0.0,-0.17964239331779489,False
TRIB1,0.0,-0.17964239331779489,False
TRIM28,0.0,-0.17964239331779489,False
TRIM29,0.0,-0.17964239331779489,False
TRIP12,0.0,-0.17964239331779489,False
TRPS1,0.0,-0.17964239331779489,False
TSC22D1,0.0,-0.17964239331779489,False
TSC22D3,0.0,-0.17964239331779489,False
TSKU,0.0,-0.17964239331779489,False
TSPAN1,0.0,-0.17964239331779489,False
TSPAN3,0.0,-0.17964239331779489,False
TTC3,0.0,-0.17964239331779489,False
TTI1,0.0,-0.17964239331779489,False
TTLL12,0.0,-0.17964239331779489,False
TTN,0.0,-0.17964239331779489,False
TUBA1A,0.0,-0.17964239331779489,False
TUBB,0.0,-0.17964239331779489,False
TUBB4B,0.0,-0.17964239331779489,False
TUFM,0.0,-0.17964239331779489,False
TXN,0.0,-0.17964239331779489,False
TXNIP,0.0,-0.17964239331779489,False
TXNRD1,0.0,-0.17964239331779489,False
TYMP,0.0,-0.17964239331779489,False
UBA1,0.0,-0.17964239331779489,False
UBA52,0.0,-0.17964239331779489,False
UBAP2L,0.0,-0.17964239331779489,False
UBC,0.0,-0.17964239331779489,False
UBE2D3,0.0,-0.17964239331779489,False
UBE2H,0.009999999999999998,2.7521214656286177,True
UBE2L6,0.0,-0.17964239331779489,False
UBE2Z,0.0,-0.17964239331779489,False
UBQLN1,0.0,-0.17964239331779489,False
UBR4,0.0,-0.17964239331779489,False
UBR5,0.0,-0.17964239331779489,False
UBXN4,0.0,-0.17964239331779489,False
UCP2,0.0,-0.17964239331779489,False
UGCG,0.0,-0.17964239331779489,False
UGDH,0.0,-0.17964239331779489,False
UGP2,0.0,-0.17964239331779489,False
UGT2B11,0.0,-0.17964239331779489,False
UHMK1,0.0,-0.17964239331779489,False
UQCRC1,0.0,-0.17964239331779489,False
UQCRC2,0.0,-0.17964239331779489,False
USP1,0.0,-0.17964239331779489,False
USP13,0.0,-0.17964239331779489,False
USP22,0.0,-0.17964239331779489,False
USP7,0.0,-0.17964239331779489,False
USP9X,0.0,-0.17964239331779489,False
UTRN,0.0,-0.17964239331779489,False
VAV3,0.0,-0.17964239331779489,False
VCAN,0.0,-0.17964239331779489,False
VCL,0.0,-0.17964239331779489,False
VCP,0.0,-0.17964239331779489,False
VDAC1,0.0,-0.17964239331779489,False
VDAC3,0.0,-0.17964239331779489,False
VIM,0.0,-0.17964239331779489,False
VPS28,0.0,-0.17964239331779489,False
VPS35,0.0,-0.17964239331779489,False
VWF,0.0,-0.17964239331779489,False
WASF2,0.0,-0.17964239331779489,False
WASHC5,0.0,-0.17964239331779489,False
WBP11,0.0,-0.17964239331779489,False
WDR1,0.0,-0.17964239331779489,False
WDR26,0.0,-0.17964239331779489,False
WIPF2,0.0,-0.17964239331779489,False
WNK1,0.0,-0.17964239331779489,False
WWP1,0.0,-0.17964239331779489,False
XBP1,0.0,-0.17964239331779489,False
XIRP1,0.0,-0.17964239331779489,False
XIRP2,0.0,-0.17964239331779489,False
XPO1,0.0,-0.17964239331779489,False
XRCC5,0.0,-0.17964239331779489,False
XRCC6,0.0,-0.17964239331779489,False
YBX1,0.0,-0.17964239331779489,False
YBX3,0.0,-0.17964239331779489,False
YME1L1,0.0,-0.17964239331779489,False
YWHAB,0.0,-0.17964239331779489,False
YWHAE,0.0,-0.17964239331779489,False
YWHAG,0.0,-0.17964239331779489,False
YWHAH,0.0,-0.17964239331779489,False
YWHAQ,0.0,-0.17964239331779489,False
YWHAZ,0.0,-0.17964239331779489,False
ZC3H13,0.0,-0.17964239331779489,False
ZFP36,0.0,-0.17964239331779489,False
ZFP36L1,0.0,-0.17964239331779489,False
ZFP36L2,0.0,-0.17964239331779489,False
ZKSCAN1,0.039999999999999994,11.547413042467856,True
ZMIZ1,0.0,-0.17964239331779489,False
ZNF217,0.0,-0.17964239331779489,False
ZNF24,0.0,-0.17964239331779489,False
ZNF703,0.0,-0.17964239331779489,False
ZYX,0.009999999999999998,2.7521214656286177,True
